Orig,Dest,Departs,Arrives,Fleet,Flight,DOW,Start Date,End Date,Orig Lat,Orig Lng,Dest Lat,Dest Lng,Orig--Lat,Orig--Lng,Dest--Lat,Dest--Lng
ATL,AMS,15:15,6:00,A330,DL0070,DAILY,1-Oct-23,27-Oct-23,33.6407,-84.4277,52.3105,4.7683,33.6407,-84.4277,52.3105,4.7683
ATL,AMS,17:30,8:10,A330,DL0072,DAILY,1-Oct-23,31-Oct-23,33.6407,-84.4277,52.3105,4.7683,33.6407,-84.4277,52.3105,4.7683
ATL,AMS,19:45,10:35,A350,DL0074,DAILY,1-Oct-23,31-Oct-23,33.6407,-84.4277,52.3105,4.7683,33.6407,-84.4277,52.3105,4.7683
ATL,ATH,17:10,10:55,A350,DL0222,DAILY,1-Oct-23,27-Oct-23,33.6407,-84.4277,37.9356,23.9484,33.6407,-84.4277,37.9356,23.9484
ATL,BCN,17:45,9:10,A350,DL0194,DAILY,1-Oct-23,30-Oct-23,33.6407,-84.4277,41.2974,2.0833,33.6407,-84.4277,41.2974,2.0833
ATL,CDG,15:55,6:10,A350,DL0082,DAILY,1-Oct-23,31-Oct-23,33.6407,-84.4277,49.0097,2.5479,33.6407,-84.4277,49.0097,2.5479
ATL,CDG,22:00,13:20,B767,DL0084,DAILY,1-Oct-23,31-Oct-23,33.6407,-84.4277,49.0097,2.5479,33.6407,-84.4277,49.0097,2.5479
ATL,CDG,18:40,9:15,B767,DL0088,1.3.5.7,1-Oct-23,30-Oct-23,33.6407,-84.4277,49.0097,2.5479,33.6407,-84.4277,49.0097,2.5479
ATL,CPT,20:40,17:50,A350,DL0210,1..4.6.,2-Oct-23,30-Oct-23,33.6407,-84.4277,33.9715,18.6021,33.6407,-84.4277,33.9715,18.6021
ATL,DUB,20:05,8:45,A350,DL0176,DAILY,1-Oct-23,27-Oct-23,33.6407,-84.4277,53.4213,-6.2701,33.6407,-84.4277,53.4213,-6.2701
ATL,DUS,17:55,8:35,B767,DL0090,.2.4.6.,3-Oct-23,26-Oct-23,33.6407,-84.4277,51.2895,6.7668,33.6407,-84.4277,51.2895,6.7668
ATL,FCO,18:50,10:35,A330,DL0066,DAILY,1-Oct-23,31-Oct-23,33.6407,-84.4277,41.8003,12.2389,33.6407,-84.4277,41.8003,12.2389
ATL,FCO,16:30,8:15,A330,DL0214,DAILY,1-Oct-23,27-Oct-23,33.6407,-84.4277,41.8003,12.2389,33.6407,-84.4277,41.8003,12.2389
ATL,FRA,18:50,9:50,A330,DL0014,DAILY,1-Oct-23,31-Oct-23,33.6407,-84.4277,50.0379,8.5622,33.6407,-84.4277,50.0379,8.5622
ATL,JNB,17:45,19:00,A350,DL0200,DAILY,1-Oct-23,30-Oct-23,33.6407,-84.4277,26.1392,28.246,33.6407,-84.4277,26.1392,28.246
ATL,JNB,17:45,15:05,A350,DL0024,.2....7,29-Oct-23,31-Oct-23,33.6407,-84.4277,26.1392,28.246,33.6407,-84.4277,26.1392,28.246
ATL,LHR,17:35,7:15,B767,DL0030,DAILY,1-Oct-23,31-Oct-23,33.6407,-84.4277,51.47,-0.4543,33.6407,-84.4277,51.47,-0.4543
ATL,LHR,21:55,11:10,B767,DL0032,DAILY,1-Oct-23,31-Oct-23,33.6407,-84.4277,51.47,-0.4543,33.6407,-84.4277,51.47,-0.4543
ATL,LOS,17:30,11:00,A330,DL0054,DAILY,1-Oct-23,31-Oct-23,33.6407,-84.4277,6.5774,3.3212,33.6407,-84.4277,6.5774,3.3212
ATL,MAD,18:10,8:45,B767,DL0108,DAILY,1-Oct-23,31-Oct-23,33.6407,-84.4277,40.4983,-3.5676,33.6407,-84.4277,40.4983,-3.5676
ATL,MUC,18:30,9:30,B767,DL0130,DAILY,1-Oct-23,31-Oct-23,33.6407,-84.4277,48.3538,11.7861,33.6407,-84.4277,48.3538,11.7861
ATL,MXP,17:50,9:30,A350,DL0174,DAILY,1-Oct-23,31-Oct-23,33.6407,-84.4277,45.6301,8.7281,33.6407,-84.4277,45.6301,8.7281
ATL,STR,17:45,8:40,B767,DL0116,1.3.5.7,1-Oct-23,27-Oct-23,33.6407,-84.4277,48.6907,9.1936,33.6407,-84.4277,48.6907,9.1936
ATL,TLV,14:10,9:15,A350,DL0248,DAILY,1-Oct-23,31-Oct-23,33.6407,-84.4277,32.0055,34.8854,33.6407,-84.4277,32.0055,34.8854
ATL,VCE,19:40,11:15,B767,DL0192,DAILY,1-Oct-23,27-Oct-23,33.6407,-84.4277,45.5053,12.3519,33.6407,-84.4277,45.5053,12.3519
BOS,AMS,17:15,6:15,A330,DL0256,DAILY,1-Oct-23,27-Oct-23,42.3656,-71.0096,52.3105,4.7683,42.3656,-71.0096,52.3105,4.7683
BOS,AMS,19:00,8:15,A330,DL0258,DAILY,1-Oct-23,31-Oct-23,42.3656,-71.0096,52.3105,4.7683,42.3656,-71.0096,52.3105,4.7683
BOS,ATH,16:40,8:55,A330,DL0240,1.3.5.7,1-Oct-23,27-Oct-23,42.3656,-71.0096,37.9356,23.9484,42.3656,-71.0096,37.9356,23.9484
BOS,CDG,18:55,9:30,A330,DL0224,DAILY,1-Oct-23,31-Oct-23,42.3656,-71.0096,49.0097,2.5479,42.3656,-71.0096,49.0097,2.5479
BOS,DUB,20:30,8:25,B767,DL0154,DAILY,1-Oct-23,31-Oct-23,42.3656,-71.0096,53.4213,-6.2701,42.3656,-71.0096,53.4213,-6.2701
BOS,EDI,21:10,8:35,B767,DL0122,DAILY,1-Oct-23,27-Oct-23,42.3656,-71.0096,55.95,-3.3725,42.3656,-71.0096,55.95,-3.3725
BOS,FCO,17:00,7:00,A330,DL0112,DAILY,1-Oct-23,30-Oct-23,42.3656,-71.0096,41.8003,12.2389,42.3656,-71.0096,41.8003,12.2389
BOS,LHR,19:30,7:05,B767,DL0058,DAILY,1-Oct-23,31-Oct-23,42.3656,-71.0096,51.47,-0.4543,42.3656,-71.0096,51.47,-0.4543
BOS,LIS,20:50,11:00,B767,DL0124,DAILY,1-Oct-23,31-Oct-23,42.3656,-71.0096,38.7756,-9.1354,42.3656,-71.0096,38.7756,-9.1354
BOS,TLV,16:20,10:20,A330,DL0242,.2.4.6.,3-Oct-23,31-Oct-23,42.3656,-71.0096,32.0055,34.8854,42.3656,-71.0096,32.0055,34.8854
CVG,CDG,18:50,9:15,B767,DL0228,.2.4.6.,3-Oct-23,31-Oct-23,39.0469,-84.6622,49.0097,2.5479,39.0469,-84.6622,49.0097,2.5479
DTW,AMS,16:00,6:00,A350,DL0132,DAILY,1-Oct-23,31-Oct-23,42.2162,-83.3554,52.3105,4.7683,42.2162,-83.3554,52.3105,4.7683
DTW,AMS,18:30,8:15,A330,DL0134,DAILY,1-Oct-23,31-Oct-23,42.2162,-83.3554,52.3105,4.7683,42.2162,-83.3554,52.3105,4.7683
DTW,AMS,21:50,12:20,A330,DL0136,DAILY,1-Oct-23,31-Oct-23,42.2162,-83.3554,52.3105,4.7683,42.2162,-83.3554,52.3105,4.7683
DTW,CDG,18:15,8:15,A330,DL0098,DAILY,1-Oct-23,31-Oct-23,42.2162,-83.3554,49.0097,2.5479,42.2162,-83.3554,49.0097,2.5479
DTW,FCO,17:45,8:45,A330,DL0206,DAILY,1-Oct-23,27-Oct-23,42.2162,-83.3554,41.8003,12.2389,42.2162,-83.3554,41.8003,12.2389
DTW,FRA,18:25,8:40,A330,DL0086,DAILY,1-Oct-23,31-Oct-23,42.2162,-83.3554,50.0379,8.5622,42.2162,-83.3554,50.0379,8.5622
DTW,LHR,18:45,7:15,A330,DL0016,DAILY,1-Oct-23,31-Oct-23,42.2162,-83.3554,51.47,-0.4543,42.2162,-83.3554,51.47,-0.4543
DTW,LHR,21:25,11:00,A330,DL0018,123.56.,2-Oct-23,31-Oct-23,42.2162,-83.3554,51.47,-0.4543,42.2162,-83.3554,51.47,-0.4543
DTW,MUC,17:55,8:20,B767,DL0022,DAILY,1-Oct-23,27-Oct-23,42.2162,-83.3554,48.3538,11.7861,42.2162,-83.3554,48.3538,11.7861
JFK,ACC,23:50,14:15,B767,DL0156,DAILY,1-Oct-23,31-Oct-23,40.6413,-73.7781,5.6052,-0.1668,40.6413,-73.7781,5.6052,-0.1668
JFK,AMS,16:45,6:15,A330,DL0046,DAILY,1-Oct-23,31-Oct-23,40.6413,-73.7781,52.3105,4.7683,40.6413,-73.7781,52.3105,4.7683
JFK,AMS,19:30,9:15,A330,DL0048,DAILY,1-Oct-23,31-Oct-23,40.6413,-73.7781,52.3105,4.7683,40.6413,-73.7781,52.3105,4.7683
JFK,ARN,17:45,8:00,B767,DL0204,DAILY,1-Oct-23,27-Oct-23,40.6413,-73.7781,59.6519,17.9186,40.6413,-73.7781,59.6519,17.9186
JFK,ATH,15:15,8:30,A330,DL0202,DAILY,1-Oct-23,31-Oct-23,40.6413,-73.7781,37.9356,23.9484,40.6413,-73.7781,37.9356,23.9484
JFK,ATH,20:15,13:15,B767,DL0212,1.3.5.7,1-Oct-23,27-Oct-23,40.6413,-73.7781,37.9356,23.9484,40.6413,-73.7781,37.9356,23.9484
JFK,BCN,17:30,12:05,B767,DL0168,DAILY,1-Oct-23,31-Oct-23,40.6413,-73.7781,41.2974,2.0833,40.6413,-73.7781,41.2974,2.0833
JFK,BER,17:00,7:05,B767,DL0092,DAILY,1-Oct-23,27-Oct-23,40.6413,-73.7781,52.3667,13.5033,40.6413,-73.7781,52.3667,13.5033
JFK,BRU,19:00,9:00,B767,DL0140,DAILY,1-Oct-23,31-Oct-23,40.6413,-73.7781,50.9014,4.4844,40.6413,-73.7781,50.9014,4.4844
JFK,CDG,19:30,9:00,B767,DL0262,DAILY,1-Oct-23,31-Oct-23,40.6413,-73.7781,49.0097,2.5479,40.6413,-73.7781,49.0097,2.5479
JFK,CDG,22:30,12:00,B767,DL0264,DAILY,1-Oct-23,31-Oct-23,40.6413,-73.7781,49.0097,2.5479,40.6413,-73.7781,49.0097,2.5479
JFK,CPH,21:50,11:40,B767,DL0218,DAILY,1-Oct-23,27-Oct-23,40.6413,-73.7781,55.618,12.6508,40.6413,-73.7781,55.618,12.6508
JFK,DSS,20:40,9:30,B767,DL0216,.2.4.6.,3-Oct-23,31-Oct-23,40.6413,-73.7781,14.6708,-17.0733,40.6413,-73.7781,14.6708,-17.0733
JFK,DUB,21:35,9:15,B767,DL0044,DAILY,1-Oct-23,31-Oct-23,40.6413,-73.7781,53.4213,-6.2701,40.6413,-73.7781,53.4213,-6.2701
JFK,EDI,22:15,10:05,B767,DL0208,DAILY,1-Oct-23,30-Oct-23,40.6413,-73.7781,55.95,-3.3725,40.6413,-73.7781,55.95,-3.3725
JFK,FCO,22:30,13:05,B767,DL0148,DAILY,1-Oct-23,27-Oct-23,40.6413,-73.7781,41.8003,12.2389,40.6413,-73.7781,41.8003,12.2389
JFK,FCO,16:55,7:30,A330,DL0182,DAILY,1-Oct-23,31-Oct-23,40.6413,-73.7781,41.8003,12.2389,40.6413,-73.7781,41.8003,12.2389
JFK,FCO,19:00,10:20,A330,DL0230,DAILY,1-Oct-23,31-Oct-23,40.6413,-73.7781,41.8003,12.2389,40.6413,-73.7781,41.8003,12.2389
JFK,FRA,18:55,8:55,A330,DL0106,DAILY,1-Oct-23,31-Oct-23,40.6413,-73.7781,50.0379,8.5622,40.6413,-73.7781,50.0379,8.5622
JFK,GVA,20:55,10:50,B767,DL0100,DAILY,1-Oct-23,27-Oct-23,40.6413,-73.7781,46.238,6.109,40.6413,-73.7781,46.238,6.109
JFK,LGW,23:45,12:10,B767,DL0062,DAILY,1-Oct-23,27-Oct-23,40.6413,-73.7781,51.1537,-0.1821,40.6413,-73.7781,51.1537,-0.1821
JFK,LHR,19:30,7:55,B767,DL0001,DAILY,1-Oct-23,31-Oct-23,40.6413,-73.7781,51.47,-0.4543,40.6413,-73.7781,51.47,-0.4543
JFK,LHR,22:00,10:30,A330,DL0003,DAILY,1-Oct-23,31-Oct-23,40.6413,-73.7781,51.47,-0.4543,40.6413,-73.7781,51.47,-0.4543
JFK,LIS,19:50,8:00,B767,DL0272,DAILY,1-Oct-23,31-Oct-23,40.6413,-73.7781,38.7756,-9.1354,40.6413,-73.7781,38.7756,-9.1354
JFK,MAD,17:59,7:45,B767,DL0126,DAILY,1-Oct-23,31-Oct-23,40.6413,-73.7781,40.4983,-3.5676,40.6413,-73.7781,40.4983,-3.5676
JFK,MXP,19:45,9:55,B767,DL0184,DAILY,1-Oct-23,31-Oct-23,40.6413,-73.7781,45.6301,8.7281,40.6413,-73.7781,45.6301,8.7281
JFK,MXP,16:45,6:45,A330,DL0198,DAILY,1-Oct-23,27-Oct-23,40.6413,-73.7781,45.6301,8.7281,40.6413,-73.7781,45.6301,8.7281
JFK,NCE,17:30,8:15,A330,DL0028,DAILY,1-Oct-23,27-Oct-23,40.6413,-73.7781,43.6584,7.2159,40.6413,-73.7781,43.6584,7.2159
JFK,TLV,23:45,17:35,A330,DL0234,DAILY,1-Oct-23,31-Oct-23,40.6413,-73.7781,32.0055,34.8854,40.6413,-73.7781,32.0055,34.8854
JFK,VCE,19:05,9:35,B767,DL0288,DAILY,1-Oct-23,27-Oct-23,40.6413,-73.7781,45.5053,12.3519,40.6413,-73.7781,45.5053,12.3519
JFK,ZRH,20:45,10:35,B767,DL0052,DAILY,1-Oct-23,31-Oct-23,40.6413,-73.7781,47.4582,8.5555,40.6413,-73.7781,47.4582,8.5555
LAX,CDG,17:05,13:05,A330,DL0290,DAILY,1-Oct-23,31-Oct-23,33.9416,-118.4085,49.0097,2.5479,33.9416,-118.4085,49.0097,2.5479
LAX,LHR,19:55,14:50,A330,DL0186,DAILY,1-Oct-23,31-Oct-23,33.9416,-118.4085,51.47,-0.4543,33.9416,-118.4085,51.47,-0.4543
MCO,AMS,20:05,10:15,A330,DL0036,DAILY,28-Oct-23,31-Oct-23,28.4294,-81.3089,52.3105,4.7683,28.4294,-81.3089,52.3105,4.7683
MSP,AMS,16:30,8:15,A330,DL0160,DAILY,1-Oct-23,31-Oct-23,44.8848,-93.2223,52.3105,4.7683,44.8848,-93.2223,52.3105,4.7683
MSP,AMS,19:20,11:15,A330,DL0162,DAILY,1-Oct-23,31-Oct-23,44.8848,-93.2223,52.3105,4.7683,44.8848,-93.2223,52.3105,4.7683
MSP,AMS,21:25,12:35,A330,DL0164,DAILY,1-Oct-23,27-Oct-23,44.8848,-93.2223,52.3105,4.7683,44.8848,-93.2223,52.3105,4.7683
MSP,CDG,21:40,13:05,A330,DL0138,DAILY,1-Oct-23,27-Oct-23,44.8848,-93.2223,49.0097,2.5479,44.8848,-93.2223,49.0097,2.5479
MSP,CDG,16:30,8:15,A330,DL0152,DAILY,1-Oct-23,31-Oct-23,44.8848,-93.2223,49.0097,2.5479,44.8848,-93.2223,49.0097,2.5479
MSP,LHR,17:20,7:15,A330,DL0010,DAILY,1-Oct-23,31-Oct-23,44.8848,-93.2223,51.47,-0.4543,44.8848,-93.2223,51.47,-0.4543
PDX,AMS,14:00,9:15,A330,DL0178,DAILY,1-Oct-23,31-Oct-23,45.5898,-122.5951,52.3105,4.7683,45.5898,-122.5951,52.3105,4.7683
RDU,CDG,18:00,8:10,B767,DL0286,DAILY,1-Oct-23,27-Oct-23,35.8801,-78.7879,49.0097,2.5479,35.8801,-78.7879,49.0097,2.5479
SEA,AMS,13:40,9:25,A330,DL0142,DAILY,1-Oct-23,31-Oct-23,47.4502,-122.3088,52.3105,4.7683,47.4502,-122.3088,52.3105,4.7683
SEA,AMS,18:05,13:05,A330,DL0144,DAILY,1-Oct-23,27-Oct-23,47.4502,-122.3088,52.3105,4.7683,47.4502,-122.3088,52.3105,4.7683
SEA,CDG,13:40,13:25,A330,DL0080,DAILY,1-Oct-23,31-Oct-23,47.4502,-122.3088,49.0097,2.5479,47.4502,-122.3088,49.0097,2.5479
SEA,LHR,19:00,13:15,A330,DL0020,DAILY,1-Oct-23,31-Oct-23,47.4502,-122.3088,51.47,-0.4543,47.4502,-122.3088,51.47,-0.4543
SLC,AMS,14:50,9:15,A330,DL0056,DAILY,1-Oct-23,31-Oct-23,40.7899,-111.9791,52.3105,4.7683,40.7899,-111.9791,52.3105,4.7683
SLC,CDG,14:45,9:05,A330,DL0220,DAILY,1-Oct-23,31-Oct-23,40.7899,-111.9791,49.0097,2.5479,40.7899,-111.9791,49.0097,2.5479
SLC,LHR,18:55,13:30,A330,DL0050,DAILY,1-Oct-23,31-Oct-23,40.7899,-111.9791,51.47,-0.4543,40.7899,-111.9791,51.47,-0.4543
ATL,HND,10:20,16:25,A350,DL0295,DAILY,1-Oct-23,31-Oct-23,33.6407,-84.4277,35.5494,139.7798,33.6407,-84.4277,35.5494,139.7798
ATL,ICN,0:25,5:30,A350,DL0027,DAILY,1-Oct-23,31-Oct-23,33.6407,-84.4277,37.4602,126.4407,33.6407,-84.4277,37.4602,126.4407
ATL,ICN,23:50,5:00,A350,DL0239,DAILY,28-Oct-23,28-Oct-23,33.6407,-84.4277,37.4602,126.4407,33.6407,-84.4277,37.4602,126.4407
DTW,HND,10:10,17:10,A350,DL0275,DAILY,1-Oct-23,31-Oct-23,42.2162,-83.3554,35.5494,139.7798,42.2162,-83.3554,35.5494,139.7798
DTW,ICN,12:00,17:20,A350,DL0159,DAILY,1-Oct-23,31-Oct-23,42.2162,-83.3554,37.4602,126.4407,42.2162,-83.3554,37.4602,126.4407
DTW,PVG,10:15,15:20,A350,DL0389,1.3..6.,4-Oct-23,30-Oct-23,42.2162,-83.3554,31.1443,121.8052,42.2162,-83.3554,31.1443,121.8052
HNL,HND,14:40,18:45,B767,DL0181,DAILY,28-Oct-23,31-Oct-23,21.3245,-157.9251,35.5494,139.7798,21.3245,-157.9251,35.5494,139.7798
LAX,AKL,23:00,7:55,A350,DL0065,DAILY,28-Oct-23,31-Oct-23,33.9416,-118.4085,-37.0082,174.791,33.9416,-118.4085,-37.0082,174.791
LAX,HND,9:50,14:35,A330,DL0007,DAILY,1-Oct-23,31-Oct-23,33.9416,-118.4085,35.5494,139.7798,33.9416,-118.4085,35.5494,139.7798
LAX,PPT,10:50,16:45,B767,DL0119,DAILY,31-Oct-23,31-Oct-23,33.9416,-118.4085,-17.5537,-149.6067,33.9416,-118.4085,-17.5537,-149.6067
LAX,SYD,22:05,7:35,A350,DL0041,DAILY,1-Oct-23,31-Oct-23,33.9416,-118.4085,-33.9399,151.1753,33.9416,-118.4085,-33.9399,151.1753
LAX,SYD,20:45,6:05,A350,DL0043,DAILY,29-Oct-23,29-Oct-23,33.9416,-118.4085,-33.9399,151.1753,33.9416,-118.4085,-33.9399,151.1753
MSP,HND,10:55,15:05,A330,DL0121,DAILY,1-Oct-23,31-Oct-23,44.8848,-93.2223,35.5494,139.7798,44.8848,-93.2223,35.5494,139.7798
MSP,ICN,10:35,16:30,A350,DL0171,DAILY,1-Oct-23,31-Oct-23,44.8848,-93.2223,37.4602,126.4407,44.8848,-93.2223,37.4602,126.4407
SEA,HND,10:50,15:20,A330,DL0167,DAILY,1-Oct-23,31-Oct-23,47.4502,-122.3088,35.5494,139.7798,47.4502,-122.3088,35.5494,139.7798
SEA,ICN,11:25,16:15,A330,DL0197,DAILY,1-Oct-23,31-Oct-23,47.4502,-122.3088,37.4602,126.4407,47.4502,-122.3088,37.4602,126.4407
SEA,PVG,10:25,17:05,A330,DL0281,12..5.7,3-Oct-23,31-Oct-23,47.4502,-122.3088,31.1443,121.8052,47.4502,-122.3088,31.1443,121.8052
ATL,BOG,15:55,19:45,B767,DL0981,DAILY,29-Oct-23,31-Oct-23,33.6407,-84.4277,4.7017,-74.1469,33.6407,-84.4277,4.7017,-74.1469
ATL,EZE,21:55,9:00,B767,DL0101,DAILY,1-Oct-23,31-Oct-23,33.6407,-84.4277,-34.8222,-58.5358,33.6407,-84.4277,-34.8222,-58.5358
ATL,GRU,18:55,5:40,A330,DL0105,DAILY,1-Oct-23,31-Oct-23,33.6407,-84.4277,-23.4356,-46.4731,33.6407,-84.4277,-23.4356,-46.4731
ATL,GRU,20:50,9:35,B767,DL0269,DAILY,1-Oct-23,31-Oct-23,33.6407,-84.4277,-23.4356,-46.4731,33.6407,-84.4277,-23.4356,-46.4731
ATL,LIM,15:30,21:40,A350,DL0151,DAILY,1-Oct-23,31-Oct-23,33.6407,-84.4277,-12.0219,-77.1143,33.6407,-84.4277,-12.0219,-77.1143
ATL,SCL,21:05,7:20,A350,DL0147,DAILY,1-Oct-23,31-Oct-23,33.6407,-84.4277,-33.393,-70.7858,33.6407,-84.4277,-33.393,-70.7858
JFK,BOG,12:45,17:45,B767,DL0253,DAILY,29-Oct-23,31-Oct-23,40.6413,-73.7781,4.7017,-74.1469,40.6413,-73.7781,4.7017,-74.1469
JFK,EZE,21:59,10:15,B767,DL0115,DAILY,28-Oct-23,31-Oct-23,40.6413,-73.7781,-34.8222,-58.5358,40.6413,-73.7781,-34.8222,-58.5358
JFK,GRU,22:30,9:55,B767,DL0227,DAILY,1-Oct-23,31-Oct-23,40.6413,-73.7781,-23.4356,-46.4731,40.6413,-73.7781,-23.4356,-46.4731
ACC,JFK,21:50,5:15,B767,DL0157,DAILY,1-Oct-23,31-Oct-23,5.6052,-0.1668,40.6413,-73.7781,5.6052,-0.1668,40.6413,-73.7781
AMS,ATL,8:25,12:15,A330,DL0071,DAILY,1-Oct-23,28-Oct-23,52.3105,4.7683,33.6407,-84.4277,52.3105,4.7683,33.6407,-84.4277
AMS,ATL,10:35,16:00,A330,DL0073,DAILY,1-Oct-23,31-Oct-23,52.3105,4.7683,33.6407,-84.4277,52.3105,4.7683,33.6407,-84.4277
AMS,ATL,12:50,17:50,A350,DL0075,DAILY,1-Oct-23,31-Oct-23,52.3105,4.7683,33.6407,-84.4277,52.3105,4.7683,33.6407,-84.4277
AMS,BOS,14:50,16:55,A330,DL0257,DAILY,1-Oct-23,28-Oct-23,52.3105,4.7683,42.3656,-71.0096,52.3105,4.7683,42.3656,-71.0096
AMS,BOS,11:30,14:30,A330,DL0259,DAILY,1-Oct-23,31-Oct-23,52.3105,4.7683,42.3656,-71.0096,52.3105,4.7683,42.3656,-71.0096
AMS,DTW,7:55,14:10,A350,DL0133,DAILY,1-Oct-23,31-Oct-23,52.3105,4.7683,42.2162,-83.3554,52.3105,4.7683,42.2162,-83.3554
AMS,DTW,10:15,17:00,A330,DL0135,DAILY,1-Oct-23,31-Oct-23,52.3105,4.7683,42.2162,-83.3554,52.3105,4.7683,42.2162,-83.3554
AMS,DTW,13:30,18:45,A330,DL0137,DAILY,1-Oct-23,31-Oct-23,52.3105,4.7683,42.2162,-83.3554,52.3105,4.7683,42.2162,-83.3554
AMS,JFK,8:55,13:25,A330,DL0047,DAILY,1-Oct-23,31-Oct-23,52.3105,4.7683,40.6413,-73.7781,52.3105,4.7683,40.6413,-73.7781
AMS,JFK,11:40,15:20,A330,DL0049,DAILY,1-Oct-23,31-Oct-23,52.3105,4.7683,40.6413,-73.7781,52.3105,4.7683,40.6413,-73.7781
AMS,MCO,12:15,17:50,A330,DL0037,DAILY,29-Oct-23,31-Oct-23,52.3105,4.7683,28.4294,-81.3089,52.3105,4.7683,28.4294,-81.3089
AMS,MSP,12:40,16:15,A330,DL0163,DAILY,1-Oct-23,31-Oct-23,52.3105,4.7683,44.8848,-93.2223,52.3105,4.7683,44.8848,-93.2223
AMS,MSP,15:20,17:45,A330,DL0165,DAILY,1-Oct-23,28-Oct-23,52.3105,4.7683,44.8848,-93.2223,52.3105,4.7683,44.8848,-93.2223
AMS,MSP,10:35,13:45,A330,DL0161,DAILY,2-Oct-23,31-Oct-23,52.3105,4.7683,44.8848,-93.2223,52.3105,4.7683,44.8848,-93.2223
AMS,PDX,9:10,11:55,A330,DL0179,DAILY,1-Oct-23,31-Oct-23,52.3105,4.7683,45.5898,-122.5951,52.3105,4.7683,45.5898,-122.5951
AMS,SEA,10:00,12:55,A330,DL0143,DAILY,1-Oct-23,31-Oct-23,52.3105,4.7683,47.4502,-122.3088,52.3105,4.7683,47.4502,-122.3088
AMS,SEA,14:35,16:05,A330,DL0145,DAILY,1-Oct-23,28-Oct-23,52.3105,4.7683,47.4502,-122.3088,52.3105,4.7683,47.4502,-122.3088
AMS,SLC,8:45,12:45,A330,DL0057,DAILY,1-Oct-23,31-Oct-23,52.3105,4.7683,40.7899,-111.9791,52.3105,4.7683,40.7899,-111.9791
ARN,JFK,10:20,13:10,B767,DL0205,DAILY,1-Oct-23,28-Oct-23,59.6519,17.9186,40.6413,-73.7781,59.6519,17.9186,40.6413,-73.7781
ATH,ATL,12:50,18:00,A350,DL0223,DAILY,1-Oct-23,28-Oct-23,37.9356,23.9484,33.6407,-84.4277,37.9356,23.9484,33.6407,-84.4277
ATH,BOS,11:10,14:50,A330,DL0241,12.4.6.,2-Oct-23,28-Oct-23,37.9356,23.9484,42.3656,-71.0096,37.9356,23.9484,42.3656,-71.0096
ATH,JFK,10:20,16:00,A330,DL0203,DAILY,1-Oct-23,31-Oct-23,37.9356,23.9484,40.6413,-73.7781,37.9356,23.9484,40.6413,-73.7781
ATH,JFK,15:15,19:35,B767,DL0213,12.4.6.,2-Oct-23,28-Oct-23,37.9356,23.9484,40.6413,-73.7781,37.9356,23.9484,40.6413,-73.7781
BCN,ATL,9:55,15:35,A350,DL0195,DAILY,1-Oct-23,31-Oct-23,41.2974,2.0833,33.6407,-84.4277,41.2974,2.0833,33.6407,-84.4277
BCN,JFK,8:15,17:15,B767,DL0169,DAILY,1-Oct-23,31-Oct-23,41.2974,2.0833,40.6413,-73.7781,41.2974,2.0833,40.6413,-73.7781
BER,JFK,10:20,13:30,B767,DL0093,DAILY,1-Oct-23,28-Oct-23,52.3667,13.5033,40.6413,-73.7781,52.3667,13.5033,40.6413,-73.7781
BRU,JFK,11:00,14:29,B767,DL0141,DAILY,1-Oct-23,31-Oct-23,50.9014,4.4844,40.6413,-73.7781,50.9014,4.4844,40.6413,-73.7781
CDG,ATL,9:00,14:25,A350,DL0083,DAILY,1-Oct-23,31-Oct-23,49.0097,2.5479,33.6407,-84.4277,49.0097,2.5479,33.6407,-84.4277
CDG,ATL,15:30,21:05,B767,DL0085,DAILY,1-Oct-23,31-Oct-23,49.0097,2.5479,33.6407,-84.4277,49.0097,2.5479,33.6407,-84.4277
CDG,ATL,11:50,17:15,B767,DL0089,1.3.5.7,1-Oct-23,30-Oct-23,49.0097,2.5479,33.6407,-84.4277,49.0097,2.5479,33.6407,-84.4277
CDG,BOS,11:20,15:05,A330,DL0225,DAILY,1-Oct-23,31-Oct-23,49.0097,2.5479,42.3656,-71.0096,49.0097,2.5479,42.3656,-71.0096
CDG,CVG,12:00,16:30,B767,DL0229,.2.4.6.,3-Oct-23,31-Oct-23,49.0097,2.5479,39.0469,-84.6622,49.0097,2.5479,39.0469,-84.6622
CDG,DTW,10:30,14:45,A330,DL0097,DAILY,1-Oct-23,31-Oct-23,49.0097,2.5479,42.2162,-83.3554,49.0097,2.5479,42.2162,-83.3554
CDG,JFK,11:30,15:20,B767,DL0263,DAILY,1-Oct-23,31-Oct-23,49.0097,2.5479,40.6413,-73.7781,49.0097,2.5479,40.6413,-73.7781
CDG,JFK,14:30,18:15,B767,DL0265,DAILY,1-Oct-23,31-Oct-23,49.0097,2.5479,40.6413,-73.7781,49.0097,2.5479,40.6413,-73.7781
CDG,LAX,15:20,19:25,A330,DL0291,DAILY,1-Oct-23,30-Oct-23,49.0097,2.5479,33.9416,-118.4085,49.0097,2.5479,33.9416,-118.4085
CDG,MSP,15:40,18:15,A330,DL0139,DAILY,1-Oct-23,28-Oct-23,49.0097,2.5479,44.8848,-93.2223,49.0097,2.5479,44.8848,-93.2223
CDG,MSP,10:15,14:00,A330,DL0153,DAILY,1-Oct-23,31-Oct-23,49.0097,2.5479,44.8848,-93.2223,49.0097,2.5479,44.8848,-93.2223
CDG,RDU,11:15,14:30,B767,DL0287,DAILY,1-Oct-23,28-Oct-23,49.0097,2.5479,35.8801,-78.7879,49.0097,2.5479,35.8801,-78.7879
CDG,SEA,10:35,17:25,A330,DL0081,DAILY,1-Oct-23,31-Oct-23,49.0097,2.5479,47.4502,-122.3088,49.0097,2.5479,47.4502,-122.3088
CDG,SLC,10:10,14:00,A330,DL0221,DAILY,1-Oct-23,31-Oct-23,49.0097,2.5479,40.7899,-111.9791,49.0097,2.5479,40.7899,-111.9791
CPH,JFK,13:40,16:40,B767,DL0219,DAILY,1-Oct-23,28-Oct-23,55.618,12.6508,40.6413,-73.7781,55.618,12.6508,40.6413,-73.7781
CPT,ATL,21:30,8:20,A350,DL0211,.2..5.7,1-Oct-23,31-Oct-23,33.9715,18.6021,33.6407,-84.4277,33.9715,18.6021,33.6407,-84.4277
CPT,ATL,21:55,8:20,A350,DL0025,DAILY,30-Oct-23,30-Oct-23,33.9715,18.6021,33.6407,-84.4277,33.9715,18.6021,33.6407,-84.4277
DSS,JFK,10:30,15:55,B767,DL0217,..3.5.7,1-Oct-23,29-Oct-23,14.6708,-17.0733,40.6413,-73.7781,14.6708,-17.0733,40.6413,-73.7781
DUB,ATL,11:00,14:50,A350,DL0177,DAILY,1-Oct-23,28-Oct-23,53.4213,-6.2701,33.6407,-84.4277,53.4213,-6.2701,33.6407,-84.4277
DUB,BOS,11:50,15:35,B767,DL0155,DAILY,1-Oct-23,31-Oct-23,53.4213,-6.2701,42.3656,-71.0096,53.4213,-6.2701,42.3656,-71.0096
DUB,JFK,10:00,14:40,B767,DL0045,DAILY,1-Oct-23,31-Oct-23,53.4213,-6.2701,40.6413,-73.7781,53.4213,-6.2701,40.6413,-73.7781
DUS,ATL,10:35,14:45,B767,DL0091,..3.5.7,1-Oct-23,27-Oct-23,51.2895,6.7668,33.6407,-84.4277,51.2895,6.7668,33.6407,-84.4277
EDI,BOS,13:35,15:45,B767,DL0123,DAILY,1-Oct-23,28-Oct-23,55.95,-3.3725,42.3656,-71.0096,55.95,-3.3725,42.3656,-71.0096
EDI,JFK,10:35,16:00,B767,DL0209,DAILY,1-Oct-23,31-Oct-23,55.95,-3.3725,40.6413,-73.7781,55.95,-3.3725,40.6413,-73.7781
FCO,ATL,12:50,18:55,A330,DL0067,DAILY,1-Oct-23,31-Oct-23,41.8003,12.2389,33.6407,-84.4277,41.8003,12.2389,33.6407,-84.4277
FCO,ATL,9:45,15:10,A330,DL0215,DAILY,1-Oct-23,28-Oct-23,41.8003,12.2389,33.6407,-84.4277,41.8003,12.2389,33.6407,-84.4277
FCO,BOS,8:30,14:00,A330,DL0113,DAILY,1-Oct-23,31-Oct-23,41.8003,12.2389,42.3656,-71.0096,41.8003,12.2389,42.3656,-71.0096
FCO,DTW,11:00,15:40,A330,DL0207,DAILY,1-Oct-23,28-Oct-23,41.8003,12.2389,42.2162,-83.3554,41.8003,12.2389,42.2162,-83.3554
FCO,JFK,15:20,19:25,B767,DL0149,DAILY,1-Oct-23,28-Oct-23,41.8003,12.2389,40.6413,-73.7781,41.8003,12.2389,40.6413,-73.7781
FCO,JFK,9:40,14:50,A330,DL0183,DAILY,1-Oct-23,31-Oct-23,41.8003,12.2389,40.6413,-73.7781,41.8003,12.2389,40.6413,-73.7781
FCO,JFK,11:35,16:45,A330,DL0231,DAILY,1-Oct-23,31-Oct-23,41.8003,12.2389,40.6413,-73.7781,41.8003,12.2389,40.6413,-73.7781
FRA,ATL,9:50,15:20,A330,DL0015,DAILY,1-Oct-23,31-Oct-23,50.0379,8.5622,33.6407,-84.4277,50.0379,8.5622,33.6407,-84.4277
FRA,DTW,11:40,16:05,A330,DL0087,DAILY,1-Oct-23,31-Oct-23,50.0379,8.5622,42.2162,-83.3554,50.0379,8.5622,42.2162,-83.3554
FRA,JFK,10:40,14:45,A330,DL0107,DAILY,1-Oct-23,31-Oct-23,50.0379,8.5622,40.6413,-73.7781,50.0379,8.5622,40.6413,-73.7781
GVA,JFK,12:50,15:29,B767,DL0099,DAILY,1-Oct-23,28-Oct-23,46.238,6.109,40.6413,-73.7781,46.238,6.109,40.6413,-73.7781
JNB,ATL,21:50,8:50,A350,DL0201,DAILY,1-Oct-23,31-Oct-23,26.1392,28.246,33.6407,-84.4277,26.1392,28.246,33.6407,-84.4277
JNB,CPT,17:20,19:40,A350,DL0025,DAILY,30-Oct-23,30-Oct-23,26.1392,28.246,33.9715,18.6021,26.1392,28.246,33.9715,18.6021
LGW,JFK,14:05,17:20,B767,DL0063,DAILY,1-Oct-23,28-Oct-23,51.1537,-0.1821,40.6413,-73.7781,51.1537,-0.1821,40.6413,-73.7781
LHR,ATL,11:45,18:25,B767,DL0031,DAILY,1-Oct-23,31-Oct-23,51.47,-0.4543,33.6407,-84.4277,51.47,-0.4543,33.6407,-84.4277
LHR,ATL,13:55,21:50,B767,DL0033,DAILY,1-Oct-23,31-Oct-23,51.47,-0.4543,33.6407,-84.4277,51.47,-0.4543,33.6407,-84.4277
LHR,BOS,9:10,13:05,B767,DL0059,DAILY,1-Oct-23,31-Oct-23,51.47,-0.4543,42.3656,-71.0096,51.47,-0.4543,42.3656,-71.0096
LHR,DTW,12:40,17:35,A330,DL0017,DAILY,1-Oct-23,31-Oct-23,51.47,-0.4543,42.2162,-83.3554,51.47,-0.4543,42.2162,-83.3554
LHR,DTW,10:45,15:35,A330,DL0019,.234.67,1-Oct-23,31-Oct-23,51.47,-0.4543,42.2162,-83.3554,51.47,-0.4543,42.2162,-83.3554
LHR,JFK,10:10,14:45,B767,DL0002,DAILY,1-Oct-23,31-Oct-23,51.47,-0.4543,40.6413,-73.7781,51.47,-0.4543,40.6413,-73.7781
LHR,JFK,16:00,21:10,A330,DL0004,DAILY,1-Oct-23,31-Oct-23,51.47,-0.4543,40.6413,-73.7781,51.47,-0.4543,40.6413,-73.7781
LHR,LAX,14:30,20:15,A330,DL0187,DAILY,1-Oct-23,31-Oct-23,51.47,-0.4543,33.9416,-118.4085,51.47,-0.4543,33.9416,-118.4085
LHR,MSP,8:50,13:05,A330,DL0011,DAILY,1-Oct-23,31-Oct-23,51.47,-0.4543,44.8848,-93.2223,51.47,-0.4543,44.8848,-93.2223
LHR,SEA,15:25,20:15,A330,DL0021,DAILY,1-Oct-23,31-Oct-23,51.47,-0.4543,47.4502,-122.3088,51.47,-0.4543,47.4502,-122.3088
LHR,SLC,12:20,18:40,A330,DL0051,DAILY,1-Oct-23,31-Oct-23,51.47,-0.4543,40.7899,-111.9791,51.47,-0.4543,40.7899,-111.9791
LIS,BOS,9:15,16:00,B767,DL0125,DAILY,1-Oct-23,31-Oct-23,38.7756,-9.1354,42.3656,-71.0096,38.7756,-9.1354,42.3656,-71.0096
LIS,JFK,9:55,14:25,B767,DL0273,DAILY,1-Oct-23,31-Oct-23,38.7756,-9.1354,40.6413,-73.7781,38.7756,-9.1354,40.6413,-73.7781
LOS,ATL,11:40,19:40,A330,DL0055,DAILY,1-Oct-23,31-Oct-23,6.5774,3.3212,33.6407,-84.4277,6.5774,3.3212,33.6407,-84.4277
MAD,ATL,10:00,15:10,B767,DL0109,DAILY,1-Oct-23,30-Oct-23,40.4983,-3.5676,33.6407,-84.4277,40.4983,-3.5676,33.6407,-84.4277
MAD,JFK,9:15,13:05,B767,DL0127,DAILY,1-Oct-23,31-Oct-23,40.4983,-3.5676,40.6413,-73.7781,40.4983,-3.5676,40.6413,-73.7781
MUC,ATL,10:25,17:00,B767,DL0131,DAILY,1-Oct-23,31-Oct-23,48.3538,11.7861,33.6407,-84.4277,48.3538,11.7861,33.6407,-84.4277
MUC,DTW,11:30,15:15,B767,DL0023,DAILY,1-Oct-23,28-Oct-23,48.3538,11.7861,42.2162,-83.3554,48.3538,11.7861,42.2162,-83.3554
MXP,ATL,10:20,16:15,A350,DL0175,DAILY,1-Oct-23,31-Oct-23,45.6301,8.7281,33.6407,-84.4277,45.6301,8.7281,33.6407,-84.4277
MXP,JFK,11:00,15:45,B767,DL0185,DAILY,1-Oct-23,31-Oct-23,45.6301,8.7281,40.6413,-73.7781,45.6301,8.7281,40.6413,-73.7781
MXP,JFK,9:00,12:25,A330,DL0199,DAILY,1-Oct-23,28-Oct-23,45.6301,8.7281,40.6413,-73.7781,45.6301,8.7281,40.6413,-73.7781
NCE,JFK,14:15,17:25,A330,DL0029,DAILY,1-Oct-23,28-Oct-23,43.6584,7.2159,40.6413,-73.7781,43.6584,7.2159,40.6413,-73.7781
STR,ATL,10:40,15:05,B767,DL0117,12.4.6.,2-Oct-23,28-Oct-23,48.6907,9.1936,33.6407,-84.4277,48.6907,9.1936,33.6407,-84.4277
TLV,ATL,10:05,18:00,A350,DL0249,DAILY,1-Oct-23,31-Oct-23,32.0055,34.8854,33.6407,-84.4277,32.0055,34.8854,33.6407,-84.4277
TLV,BOS,12:10,18:45,A330,DL0243,..3.5.7,1-Oct-23,29-Oct-23,32.0055,34.8854,42.3656,-71.0096,32.0055,34.8854,42.3656,-71.0096
TLV,JFK,22:40,5:10,A330,DL0235,DAILY,1-Oct-23,31-Oct-23,32.0055,34.8854,40.6413,-73.7781,32.0055,34.8854,40.6413,-73.7781
VCE,ATL,11:35,16:40,B767,DL0193,DAILY,1-Oct-23,28-Oct-23,45.5053,12.3519,33.6407,-84.4277,45.5053,12.3519,33.6407,-84.4277
VCE,JFK,13:35,17:30,B767,DL0289,DAILY,1-Oct-23,28-Oct-23,45.5053,12.3519,40.6413,-73.7781,45.5053,12.3519,40.6413,-73.7781
ZRH,JFK,13:30,17:45,B767,DL0053,DAILY,1-Oct-23,31-Oct-23,47.4582,8.5555,40.6413,-73.7781,47.4582,8.5555,40.6413,-73.7781
AKL,LAX,14:00,6:00,A350,DL0064,DAILY,30-Oct-23,31-Oct-23,-37.0082,174.791,33.9416,-118.4085,-37.0082,174.791,33.9416,-118.4085
HND,ATL,18:25,18:50,A350,DL0296,DAILY,1-Oct-23,31-Oct-23,35.5494,139.7798,33.6407,-84.4277,35.5494,139.7798,33.6407,-84.4277
HND,DTW,15:25,15:25,A350,DL0276,DAILY,1-Oct-23,31-Oct-23,35.5494,139.7798,42.2162,-83.3554,35.5494,139.7798,42.2162,-83.3554
HND,HNL,21:00,9:20,B767,DL0180,DAILY,29-Oct-23,31-Oct-23,35.5494,139.7798,21.3245,-157.9251,35.5494,139.7798,21.3245,-157.9251
HND,LAX,16:45,11:40,A330,DL0008,DAILY,1-Oct-23,31-Oct-23,35.5494,139.7798,33.9416,-118.4085,35.5494,139.7798,33.9416,-118.4085
HND,MSP,16:20,15:10,A330,DL0120,DAILY,1-Oct-23,31-Oct-23,35.5494,139.7798,44.8848,-93.2223,35.5494,139.7798,44.8848,-93.2223
HND,SEA,16:05,10:15,A330,DL0166,DAILY,1-Oct-23,31-Oct-23,35.5494,139.7798,47.4502,-122.3088,35.5494,139.7798,47.4502,-122.3088
ICN,ATL,18:40,19:20,A350,DL0026,DAILY,1-Oct-23,31-Oct-23,37.4602,126.4407,33.6407,-84.4277,37.4602,126.4407,33.6407,-84.4277
ICN,DTW,9:35,10:50,A350,DL0158,DAILY,1-Oct-23,31-Oct-23,37.4602,126.4407,42.2162,-83.3554,37.4602,126.4407,42.2162,-83.3554
ICN,MSP,19:25,18:15,A350,DL0170,DAILY,1-Oct-23,31-Oct-23,37.4602,126.4407,44.8848,-93.2223,37.4602,126.4407,44.8848,-93.2223
ICN,SEA,19:25,14:30,A330,DL0196,DAILY,1-Oct-23,31-Oct-23,37.4602,126.4407,47.4502,-122.3088,37.4602,126.4407,47.4502,-122.3088
PPT,LAX,18:45,6:15,B767,DL0118,DAILY,31-Oct-23,31-Oct-23,-17.5537,-149.6067,33.9416,-118.4085,-17.5537,-149.6067,33.9416,-118.4085
PVG,DTW,16:45,19:22,A350,DL0388,12..5.7,2-Oct-23,31-Oct-23,31.1443,121.8052,42.2162,-83.3554,31.1443,121.8052,42.2162,-83.3554
PVG,SEA,17:30,15:33,A330,DL0282,12.4..7,1-Oct-23,31-Oct-23,31.1443,121.8052,47.4502,-122.3088,31.1443,121.8052,47.4502,-122.3088
SYD,LAX,10:05,6:15,A350,DL0040,DAILY,1-Oct-23,31-Oct-23,-33.9399,151.1753,33.9416,-118.4085,-33.9399,151.1753,33.9416,-118.4085
SYD,LAX,13:15,9:05,A350,DL0042,DAILY,31-Oct-23,31-Oct-23,-33.9399,151.1753,33.9416,-118.4085,-33.9399,151.1753,33.9416,-118.4085
BOG,ATL,9:00,15:00,B767,DL0980,DAILY,30-Oct-23,31-Oct-23,4.7017,-74.1469,33.6407,-84.4277,4.7017,-74.1469,33.6407,-84.4277
BOG,JFK,23:40,6:40,B767,DL0254,DAILY,29-Oct-23,31-Oct-23,4.7017,-74.1469,40.6413,-73.7781,4.7017,-74.1469,40.6413,-73.7781
EZE,ATL,20:00,6:35,B767,DL0110,DAILY,1-Oct-23,31-Oct-23,-34.8222,-58.5358,33.6407,-84.4277,-34.8222,-58.5358,33.6407,-84.4277
EZE,JFK,22:10,8:25,B767,DL0114,DAILY,29-Oct-23,31-Oct-23,-34.8222,-58.5358,40.6413,-73.7781,-34.8222,-58.5358,40.6413,-73.7781
GRU,ATL,22:50,7:45,A330,DL0104,DAILY,1-Oct-23,31-Oct-23,-23.4356,-46.4731,33.6407,-84.4277,-23.4356,-46.4731,33.6407,-84.4277
GRU,ATL,9:45,19:10,B767,DL0270,DAILY,1-Oct-23,31-Oct-23,-23.4356,-46.4731,33.6407,-84.4277,-23.4356,-46.4731,33.6407,-84.4277
GRU,JFK,21:15,6:25,B767,DL0226,DAILY,1-Oct-23,31-Oct-23,-23.4356,-46.4731,40.6413,-73.7781,-23.4356,-46.4731,40.6413,-73.7781
LIM,ATL,9:00,16:55,A350,DL0150,DAILY,1-Oct-23,31-Oct-23,-12.0219,-77.1143,33.6407,-84.4277,-12.0219,-77.1143,33.6407,-84.4277
LIM,ATL,9:00,16:55,A350,DL0180,DAILY,28-Oct-23,28-Oct-23,-12.0219,-77.1143,33.6407,-84.4277,-12.0219,-77.1143,33.6407,-84.4277
SCL,ATL,22:30,7:55,A350,DL0146,DAILY,1-Oct-23,31-Oct-23,-33.393,-70.7858,33.6407,-84.4277,-33.393,-70.7858,33.6407,-84.4277
ATL,AUA,10:11,14:20,B737,DL0582,DAILY,1-Oct-23,31-Oct-23,33.6407,-84.4277,12.5014,-70.0152,33.6407,-84.4277,12.5014,-70.0152
ATL,BDA,10:51,14:44,A319,DL0583,1.3..6.,2-Oct-23,7-Oct-23,33.6407,-84.4277,32.364,-64.6787,33.6407,-84.4277,32.364,-64.6787
ATL,BDA,10:51,14:42,A319,DL0584,1.3..6.,9-Oct-23,30-Oct-23,33.6407,-84.4277,32.364,-64.6787,33.6407,-84.4277,32.364,-64.6787
ATL,BOG,15:53,19:45,B757,DL0981,DAILY,1-Oct-23,28-Oct-23,33.6407,-84.4277,4.7017,-74.1469,33.6407,-84.4277,4.7017,-74.1469
ATL,BOG,10:35,14:20,B757,DL0982,DAILY,29-Oct-23,31-Oct-23,33.6407,-84.4277,4.7017,-74.1469,33.6407,-84.4277,4.7017,-74.1469
ATL,BON,9:45,13:55,B737,DL1765,.....6.,7-Oct-23,28-Oct-23,33.6407,-84.4277,12.131,-68.2682,33.6407,-84.4277,12.131,-68.2682
ATL,BZE,10:00,11:02,B737,DL1983,1.34567,1-Oct-23,30-Oct-23,33.6407,-84.4277,17.5391,-88.3082,33.6407,-84.4277,17.5391,-88.3082
ATL,CUN,12:46,14:19,B757,DL0579,DAILY,1-Oct-23,28-Oct-23,33.6407,-84.4277,21.0365,-86.8771,33.6407,-84.4277,21.0365,-86.8771
ATL,CUN,9:45,11:25,B757,DL0586,DAILY,1-Oct-23,31-Oct-23,33.6407,-84.4277,21.0365,-86.8771,33.6407,-84.4277,21.0365,-86.8771
ATL,CUN,11:05,12:49,B757,DL0592,DAILY,1-Oct-23,28-Oct-23,33.6407,-84.4277,21.0365,-86.8771,33.6407,-84.4277,21.0365,-86.8771
ATL,CUN,11:05,19:50,B757,DL0598,DAILY,1-Oct-23,31-Oct-23,33.6407,-84.4277,21.0365,-86.8771,33.6407,-84.4277,21.0365,-86.8771
ATL,CUN,8:27,10:01,B757,DL1964,.....6.,7-Oct-23,28-Oct-23,33.6407,-84.4277,21.0365,-86.8771,33.6407,-84.4277,21.0365,-86.8771
ATL,CUN,13:37,15:05,B757,DL0601,DAILY,29-Oct-23,31-Oct-23,33.6407,-84.4277,21.0365,-86.8771,33.6407,-84.4277,21.0365,-86.8771
ATL,CUN,18:25,19:50,B757,DL1939,DAILY,29-Oct-23,31-Oct-23,33.6407,-84.4277,21.0365,-86.8771,33.6407,-84.4277,21.0365,-86.8771
ATL,GCM,10:05,11:59,B737,DL0600,1..4567,1-Oct-23,30-Oct-23,33.6407,-84.4277,19.2928,-81.3577,33.6407,-84.4277,19.2928,-81.3577
ATL,GDL,9:50,11:56,B737,DL1992,DAILY,1-Oct-23,31-Oct-23,33.6407,-84.4277,20.5218,-103.3108,33.6407,-84.4277,20.5218,-103.3108
ATL,GUA,10:30,12:05,B757,DL1830,DAILY,1-Oct-23,31-Oct-23,33.6407,-84.4277,14.5833,-90.5275,33.6407,-84.4277,14.5833,-90.5275
ATL,KIN,18:55,21:00,B737,DL1906,DAILY,1-Oct-23,31-Oct-23,33.6407,-84.4277,17.9357,-76.7875,33.6407,-84.4277,17.9357,-76.7875
ATL,LIR,9:58,11:56,B757,DL1898,DAILY,1-Oct-23,31-Oct-23,33.6407,-84.4277,10.5933,-85.5444,33.6407,-84.4277,10.5933,-85.5444
ATL,MBJ,11:35,13:31,A321,DL1801,DAILY,1-Oct-23,31-Oct-23,33.6407,-84.4277,18.5037,-77.9134,33.6407,-84.4277,18.5037,-77.9134
ATL,MBJ,13:45,15:37,B737,DL1949,1..4567,1-Oct-23,30-Oct-23,33.6407,-84.4277,18.5037,-77.9134,33.6407,-84.4277,18.5037,-77.9134
ATL,MBJ,9:00,11:37,A321,DL1997,DAILY,1-Oct-23,31-Oct-23,33.6407,-84.4277,18.5037,-77.9134,33.6407,-84.4277,18.5037,-77.9134
ATL,MEX,8:19,10:10,B757,DL0577,DAILY,1-Oct-23,31-Oct-23,33.6407,-84.4277,19.4361,-99.0721,33.6407,-84.4277,19.4361,-99.0721
ATL,MEX,10:13,11:55,B757,DL0588,DAILY,1-Oct-23,31-Oct-23,33.6407,-84.4277,19.4361,-99.0721,33.6407,-84.4277,19.4361,-99.0721
ATL,MEX,12:15,14:00,B737,DL0602,DAILY,1-Oct-23,31-Oct-23,33.6407,-84.4277,19.4361,-99.0721,33.6407,-84.4277,19.4361,-99.0721
ATL,MEX,17:50,20:00,B737,DL0641,DAILY,1-Oct-23,31-Oct-23,33.6407,-84.4277,19.4361,-99.0721,33.6407,-84.4277,19.4361,-99.0721
ATL,MTY,10:05,11:28,B737,DL1929,DAILY,1-Oct-23,31-Oct-23,33.6407,-84.4277,25.7766,-100.107,33.6407,-84.4277,25.7766,-100.107
ATL,NAS,11:05,13:09,B737,DL1938,DAILY,1-Oct-23,31-Oct-23,33.6407,-84.4277,25.038,-77.4662,33.6407,-84.4277,25.038,-77.4662
ATL,NAS,9:45,11:51,B737,DL1944,DAILY,1-Oct-23,31-Oct-23,33.6407,-84.4277,25.038,-77.4662,33.6407,-84.4277,25.038,-77.4662
ATL,NAS,13:57,15:59,B737,DL1797,.....6.,14-Oct-23,28-Oct-23,33.6407,-84.4277,25.038,-77.4662,33.6407,-84.4277,25.038,-77.4662
ATL,PLS,10:20,13:10,B737,DL1869,DAILY,1-Oct-23,31-Oct-23,33.6407,-84.4277,21.7736,-72.2659,33.6407,-84.4277,21.7736,-72.2659
ATL,PTY,9:45,12:49,B737,DL1759,DAILY,1-Oct-23,31-Oct-23,33.6407,-84.4277,9.0714,-79.3835,33.6407,-84.4277,9.0714,-79.3835
ATL,PTY,16:50,19:53,B737,DL1905,....56.,6-Oct-23,28-Oct-23,33.6407,-84.4277,9.0714,-79.3835,33.6407,-84.4277,9.0714,-79.3835
ATL,PUJ,9:50,13:24,B757,DL1900,DAILY,1-Oct-23,31-Oct-23,33.6407,-84.4277,18.5674,-68.3634,33.6407,-84.4277,18.5674,-68.3634
ATL,PUJ,11:52,15:25,B737,DL1916,DAILY,1-Oct-23,31-Oct-23,33.6407,-84.4277,18.5674,-68.3634,33.6407,-84.4277,18.5674,-68.3634
ATL,PUJ,8:15,11:43,A321,DL1760,.....6.,14-Oct-23,28-Oct-23,33.6407,-84.4277,18.5674,-68.3634,33.6407,-84.4277,18.5674,-68.3634
ATL,PVR,9:55,12:00,B737,DL1941,1..4567,1-Oct-23,30-Oct-23,33.6407,-84.4277,20.6801,-105.2542,33.6407,-84.4277,20.6801,-105.2542
ATL,RTB,11:10,12:21,B737,DL1808,.....6.,7-Oct-23,28-Oct-23,33.6407,-84.4277,16.3168,-86.5229,33.6407,-84.4277,16.3168,-86.5229
ATL,SAL,10:31,12:10,B737,DL1910,DAILY,1-Oct-23,31-Oct-23,33.6407,-84.4277,13.4409,-89.0557,33.6407,-84.4277,13.4409,-89.0557
ATL,SAP,10:05,11:20,A319,DL1920,DAILY,1-Oct-23,31-Oct-23,33.6407,-84.4277,15.4526,-87.9236,33.6407,-84.4277,15.4526,-87.9236
ATL,SDQ,9:45,13:13,B737,DL1958,DAILY,1-Oct-23,31-Oct-23,33.6407,-84.4277,18.4297,-69.6689,33.6407,-84.4277,18.4297,-69.6689
ATL,SJD,9:45,11:09,B737,DL1815,DAILY,1-Oct-23,31-Oct-23,33.6407,-84.4277,23.1518,-109.721,33.6407,-84.4277,23.1518,-109.721
ATL,SJD,11:00,12:22,B737,DL1945,.....6.,14-Oct-23,28-Oct-23,33.6407,-84.4277,23.1518,-109.721,33.6407,-84.4277,23.1518,-109.721
ATL,SJO,9:45,11:44,B757,DL1940,DAILY,1-Oct-23,31-Oct-23,33.6407,-84.4277,9.9939,-84.2088,33.6407,-84.4277,9.9939,-84.2088
ATL,SJU,9:54,13:39,B757,DL0634,DAILY,1-Oct-23,31-Oct-23,33.6407,-84.4277,18.4394,-66.0018,33.6407,-84.4277,18.4394,-66.0018
ATL,SJU,12:15,15:54,B757,DL1431,DAILY,1-Oct-23,31-Oct-23,33.6407,-84.4277,18.4394,-66.0018,33.6407,-84.4277,18.4394,-66.0018
ATL,SJU,18:55,22:35,B757,DL1861,DAILY,1-Oct-23,31-Oct-23,33.6407,-84.4277,18.4394,-66.0018,33.6407,-84.4277,18.4394,-66.0018
ATL,STT,9:40,13:36,B757,DL1950,DAILY,1-Oct-23,31-Oct-23,33.6407,-84.4277,18.3373,-64.9734,33.6407,-84.4277,18.3373,-64.9734
ATL,STT,11:05,14:54,B757,DL1952,.....6.,7-Oct-23,28-Oct-23,33.6407,-84.4277,18.3373,-64.9734,33.6407,-84.4277,18.3373,-64.9734
ATL,SXM,9:45,13:55,B757,DL1894,...4567,1-Oct-23,29-Oct-23,33.6407,-84.4277,18.0409,-63.1089,33.6407,-84.4277,18.0409,-63.1089
ATL,UIO,15:55,20:15,B757,DL0633,DAILY,1-Oct-23,31-Oct-23,33.6407,-84.4277,-0.1292,-78.3575,33.6407,-84.4277,-0.1292,-78.3575
ATL,UVF,9:45,14:20,B737,DL1970,12.4567,1-Oct-23,31-Oct-23,33.6407,-84.4277,13.7332,-60.9526,33.6407,-84.4277,13.7332,-60.9526
AUA,ATL,15:45,20:00,B737,DL0581,DAILY,1-Oct-23,31-Oct-23,12.5014,-70.0152,33.6407,-84.4277,12.5014,-70.0152,33.6407,-84.4277
AUA,JFK,14:15,19:30,B737,DL0612,1..4567,1-Oct-23,30-Oct-23,12.5014,-70.0152,40.6413,-73.7781,12.5014,-70.0152,40.6413,-73.7781
BDA,ATL,16:00,18:06,A319,DL0583,1.3..6.,2-Oct-23,30-Oct-23,32.364,-64.6787,33.6407,-84.4277,32.364,-64.6787,33.6407,-84.4277
BDA,JFK,13:05,14:39,A319,DL0616,1..45.7,1-Oct-23,30-Oct-23,32.364,-64.6787,40.6413,-73.7781,32.364,-64.6787,40.6413,-73.7781
BOG,ATL,9:00,15:11,B757,DL0980,DAILY,1-Oct-23,29-Oct-23,4.7017,-74.1469,33.6407,-84.4277,4.7017,-74.1469,33.6407,-84.4277
BOG,ATL,15:50,22:00,B757,DL0983,DAILY,29-Oct-23,31-Oct-23,4.7017,-74.1469,33.6407,-84.4277,4.7017,-74.1469,33.6407,-84.4277
BOG,JFK,23:40,6:40,B757,DL0254,DAILY,1-Oct-23,28-Oct-23,4.7017,-74.1469,40.6413,-73.7781,4.7017,-74.1469,40.6413,-73.7781
BON,ATL,15:23,19:42,B737,DL1764,.....6.,7-Oct-23,28-Oct-23,12.131,-68.2682,33.6407,-84.4277,12.131,-68.2682,33.6407,-84.4277
BOS,CUN,8:25,12:08,A321,DL0627,.....6.,14-Oct-23,28-Oct-23,42.3656,-71.0096,21.0365,-86.8771,42.3656,-71.0096,21.0365,-86.8771
BOS,SJU,7:40,12:04,A3NE,DL1780,DAILY,1-Oct-23,31-Oct-23,42.3656,-71.0096,18.4394,-66.0018,42.3656,-71.0096,18.4394,-66.0018
BZE,ATL,12:25,17:30,B737,DL1802,1.34567,1-Oct-23,30-Oct-23,17.5391,-88.3082,33.6407,-84.4277,17.5391,-88.3082,33.6407,-84.4277
CUN,ATL,12:30,16:14,B757,DL0585,DAILY,1-Oct-23,31-Oct-23,21.0365,-86.8771,33.6407,-84.4277,21.0365,-86.8771,33.6407,-84.4277
CUN,ATL,13:45,17:36,B757,DL0591,DAILY,1-Oct-23,28-Oct-23,21.0365,-86.8771,33.6407,-84.4277,21.0365,-86.8771,33.6407,-84.4277
CUN,ATL,8:00,11:39,B757,DL0596,DAILY,1-Oct-23,29-Oct-23,21.0365,-86.8771,33.6407,-84.4277,21.0365,-86.8771,33.6407,-84.4277
CUN,ATL,13:45,19:06,B757,DL0597,DAILY,1-Oct-23,31-Oct-23,21.0365,-86.8771,33.6407,-84.4277,21.0365,-86.8771,33.6407,-84.4277
CUN,ATL,11:10,14:53,B757,DL1963,.....6.,7-Oct-23,28-Oct-23,21.0365,-86.8771,33.6407,-84.4277,21.0365,-86.8771,33.6407,-84.4277
CUN,ATL,16:05,19:48,B757,DL0595,DAILY,29-Oct-23,31-Oct-23,21.0365,-86.8771,33.6407,-84.4277,21.0365,-86.8771,33.6407,-84.4277
CUN,ATL,8:00,11:39,B757,DL0609,DAILY,30-Oct-23,31-Oct-23,21.0365,-86.8771,33.6407,-84.4277,21.0365,-86.8771,33.6407,-84.4277
CUN,BOS,13:15,18:28,A321,DL0626,.....6.,14-Oct-23,28-Oct-23,21.0365,-86.8771,42.3656,-71.0096,21.0365,-86.8771,42.3656,-71.0096
CUN,DTW,12:30,17:25,A321,DL0618,1.34567,1-Oct-23,30-Oct-23,21.0365,-86.8771,42.2162,-83.3554,21.0365,-86.8771,42.2162,-83.3554
CUN,DTW,14:14,19:06,B757,DL1911,.....6.,7-Oct-23,28-Oct-23,21.0365,-86.8771,42.2162,-83.3554,21.0365,-86.8771,42.2162,-83.3554
CUN,JFK,12:23,17:55,B737,DL0620,DAILY,1-Oct-23,31-Oct-23,21.0365,-86.8771,40.6413,-73.7781,21.0365,-86.8771,40.6413,-73.7781
CUN,LAX,18:02,21:16,B737,DL0614,DAILY,1-Oct-23,31-Oct-23,21.0365,-86.8771,33.9416,-118.4085,21.0365,-86.8771,33.9416,-118.4085
CUN,MSP,14:00,18:29,B737,DL1878,1..4567,1-Oct-23,30-Oct-23,21.0365,-86.8771,44.8848,-93.2223,21.0365,-86.8771,44.8848,-93.2223
CUN,SEA,16:30,21:06,B737,DL0604,1..4567,1-Oct-23,30-Oct-23,21.0365,-86.8771,47.4502,-122.3088,21.0365,-86.8771,47.4502,-122.3088
CUN,SLC,15:55,19:58,B737,DL0647,1.34567,1-Oct-23,30-Oct-23,21.0365,-86.8771,40.7899,-111.9791,21.0365,-86.8771,40.7899,-111.9791
DTW,CUN,8:38,11:24,A321,DL0619,1.34567,1-Oct-23,30-Oct-23,42.2162,-83.3554,21.0365,-86.8771,42.2162,-83.3554,21.0365,-86.8771
DTW,CUN,10:20,13:05,B757,DL1912,.....6.,7-Oct-23,28-Oct-23,42.2162,-83.3554,21.0365,-86.8771,42.2162,-83.3554,21.0365,-86.8771
DTW,MEX,8:57,11:45,A319,DL0646,DAILY,1-Oct-23,31-Oct-23,42.2162,-83.3554,19.4361,-99.0721,42.2162,-83.3554,19.4361,-99.0721
DTW,SJU,9:01,13:26,A321,DL1762,DAILY,1-Oct-23,8-Oct-23,42.2162,-83.3554,18.4394,-66.0018,42.2162,-83.3554,18.4394,-66.0018
DTW,SJU,9:00,13:56,B737,DL1925,DAILY,9-Oct-23,31-Oct-23,42.2162,-83.3554,18.4394,-66.0018,42.2162,-83.3554,18.4394,-66.0018
GCM,ATL,13:05,16:58,B737,DL1700,1..4567,1-Oct-23,30-Oct-23,19.2928,-81.3577,33.6407,-84.4277,19.2928,-81.3577,33.6407,-84.4277
GDL,ATL,13:00,19:03,B737,DL1804,DAILY,1-Oct-23,31-Oct-23,20.5218,-103.3108,33.6407,-84.4277,20.5218,-103.3108,33.6407,-84.4277
GUA,ATL,13:35,19:14,B757,DL1831,DAILY,1-Oct-23,31-Oct-23,14.5833,-90.5275,33.6407,-84.4277,14.5833,-90.5275,33.6407,-84.4277
GUA,LAX,7:15,11:57,B757,DL1903,.2..56.,3-Oct-23,31-Oct-23,14.5833,-90.5275,33.9416,-118.4085,14.5833,-90.5275,33.9416,-118.4085
HAV,MIA,11:55,12:59,B737,DL1788,DAILY,1-Oct-23,31-Oct-23,22.9892,-82.4091,25.7959,-80.287,22.9892,-82.4091,25.7959,-80.287
HAV,MIA,16:30,17:39,B737,DL1790,DAILY,1-Oct-23,31-Oct-23,22.9892,-82.4091,25.7959,-80.287,22.9892,-82.4091,25.7959,-80.287
JFK,AUA,8:15,12:50,B737,DL0613,1..4567,1-Oct-23,30-Oct-23,40.6413,-73.7781,12.5014,-70.0152,40.6413,-73.7781,12.5014,-70.0152
JFK,BDA,8:30,11:50,A319,DL0616,1..45.7,1-Oct-23,8-Oct-23,40.6413,-73.7781,32.364,-64.6787,40.6413,-73.7781,32.364,-64.6787
JFK,BDA,8:35,11:55,A319,DL0617,1..45.7,9-Oct-23,30-Oct-23,40.6413,-73.7781,32.364,-64.6787,40.6413,-73.7781,32.364,-64.6787
JFK,BOG,13:45,18:45,B757,DL0253,DAILY,1-Oct-23,28-Oct-23,40.6413,-73.7781,4.7017,-74.1469,40.6413,-73.7781,4.7017,-74.1469
JFK,CUN,8:15,11:38,B737,DL0621,DAILY,1-Oct-23,31-Oct-23,40.6413,-73.7781,21.0365,-86.8771,40.6413,-73.7781,21.0365,-86.8771
JFK,MBJ,8:15,11:35,B737,DL1955,DAILY,1-Oct-23,31-Oct-23,40.6413,-73.7781,18.5037,-77.9134,40.6413,-73.7781,18.5037,-77.9134
JFK,MEX,9:13,13:00,B757,DL0625,DAILY,1-Oct-23,31-Oct-23,40.6413,-73.7781,19.4361,-99.0721,40.6413,-73.7781,19.4361,-99.0721
JFK,NAS,9:05,12:20,B737,DL1907,12.4567,1-Oct-23,31-Oct-23,40.6413,-73.7781,25.038,-77.4662,40.6413,-73.7781,25.038,-77.4662
JFK,PUJ,8:20,12:43,B737,DL1994,1.34567,1-Oct-23,30-Oct-23,40.6413,-73.7781,18.5674,-68.3634,40.6413,-73.7781,18.5674,-68.3634
JFK,SDQ,12:59,17:26,B737,DL1908,DAILY,1-Oct-23,31-Oct-23,40.6413,-73.7781,18.4297,-69.6689,40.6413,-73.7781,18.4297,-69.6689
JFK,SDQ,8:30,12:57,B737,DL1917,DAILY,1-Oct-23,31-Oct-23,40.6413,-73.7781,18.4297,-69.6689,40.6413,-73.7781,18.4297,-69.6689
JFK,SDQ,20:29,0:40,B737,DL1943,DAILY,1-Oct-23,31-Oct-23,40.6413,-73.7781,18.4297,-69.6689,40.6413,-73.7781,18.4297,-69.6689
JFK,SJU,19:00,23:39,B737,DL1859,DAILY,1-Oct-23,31-Oct-23,40.6413,-73.7781,18.4394,-66.0018,40.6413,-73.7781,18.4394,-66.0018
JFK,SJU,8:00,12:04,A3NE,DL1877,DAILY,1-Oct-23,31-Oct-23,40.6413,-73.7781,18.4394,-66.0018,40.6413,-73.7781,18.4394,-66.0018
JFK,SJU,12:15,17:09,B737,DL1961,DAILY,1-Oct-23,31-Oct-23,40.6413,-73.7781,18.4394,-66.0018,40.6413,-73.7781,18.4394,-66.0018
JFK,STI,8:15,12:30,B737,DL1845,DAILY,1-Oct-23,31-Oct-23,40.6413,-73.7781,19.4061,-70.6047,40.6413,-73.7781,19.4061,-70.6047
JFK,STI,14:30,18:25,B737,DL1855,DAILY,1-Oct-23,31-Oct-23,40.6413,-73.7781,19.4061,-70.6047,40.6413,-73.7781,19.4061,-70.6047
JFK,STI,20:59,0:59,B737,DL1975,DAILY,1-Oct-23,31-Oct-23,40.6413,-73.7781,19.4061,-70.6047,40.6413,-73.7781,19.4061,-70.6047
KIN,ATL,9:00,13:01,B737,DL1841,DAILY,1-Oct-23,31-Oct-23,17.9357,-76.7875,33.6407,-84.4277,17.9357,-76.7875,33.6407,-84.4277
LAX,CUN,10:20,17:07,B737,DL0615,DAILY,1-Oct-23,31-Oct-23,33.9416,-118.4085,21.0365,-86.8771,33.9416,-118.4085,21.0365,-86.8771
LAX,GUA,23:30,5:59,B757,DL1897,1..45..,2-Oct-23,30-Oct-23,33.9416,-118.4085,14.5833,-90.5275,33.9416,-118.4085,14.5833,-90.5275
LAX,MEX,9:05,14:05,B757,DL0631,DAILY,1-Oct-23,31-Oct-23,33.9416,-118.4085,19.4361,-99.0721,33.9416,-118.4085,19.4361,-99.0721
LAX,PVR,10:00,14:20,B737,DL1857,1..4567,1-Oct-23,30-Oct-23,33.9416,-118.4085,20.6801,-105.2542,33.9416,-118.4085,20.6801,-105.2542
LAX,SAL,23:40,6:14,B757,DL1967,..3.5.7,1-Oct-23,29-Oct-23,33.9416,-118.4085,13.4409,-89.0557,33.9416,-118.4085,13.4409,-89.0557
LAX,SJD,8:55,11:34,B737,DL1875,DAILY,1-Oct-23,31-Oct-23,33.9416,-118.4085,23.1518,-109.721,33.9416,-118.4085,23.1518,-109.721
LAX,SJO,23:29,6:30,B757,DL1974,.2...6.,3-Oct-23,31-Oct-23,33.9416,-118.4085,9.9939,-84.2088,33.9416,-118.4085,9.9939,-84.2088
LIR,ATL,13:21,19:20,B757,DL1820,DAILY,1-Oct-23,31-Oct-23,10.5933,-85.5444,33.6407,-84.4277,10.5933,-85.5444,33.6407,-84.4277
MBJ,ATL,15:00,19:05,A321,DL1800,DAILY,1-Oct-23,31-Oct-23,18.5037,-77.9134,33.6407,-84.4277,18.5037,-77.9134,33.6407,-84.4277
MBJ,ATL,12:20,17:07,A321,DL1928,DAILY,1-Oct-23,31-Oct-23,18.5037,-77.9134,33.6407,-84.4277,18.5037,-77.9134,33.6407,-84.4277
MBJ,ATL,17:00,20:59,B737,DL1987,1..4567,1-Oct-23,30-Oct-23,18.5037,-77.9134,33.6407,-84.4277,18.5037,-77.9134,33.6407,-84.4277
MBJ,JFK,12:53,18:15,B737,DL1957,DAILY,1-Oct-23,31-Oct-23,18.5037,-77.9134,40.6413,-73.7781,18.5037,-77.9134,40.6413,-73.7781
MEX,ATL,11:30,17:04,B757,DL0576,DAILY,1-Oct-23,31-Oct-23,19.4361,-99.0721,33.6407,-84.4277,19.4361,-99.0721,33.6407,-84.4277
MEX,ATL,13:20,18:57,B757,DL0587,DAILY,1-Oct-23,31-Oct-23,19.4361,-99.0721,33.6407,-84.4277,19.4361,-99.0721,33.6407,-84.4277
MEX,ATL,8:40,14:20,B737,DL0593,DAILY,1-Oct-23,31-Oct-23,19.4361,-99.0721,33.6407,-84.4277,19.4361,-99.0721,33.6407,-84.4277
MEX,ATL,15:30,21:00,B737,DL0599,DAILY,1-Oct-23,31-Oct-23,19.4361,-99.0721,33.6407,-84.4277,19.4361,-99.0721,33.6407,-84.4277
MEX,DTW,13:00,19:34,A319,DL0645,DAILY,1-Oct-23,31-Oct-23,19.4361,-99.0721,42.2162,-83.3554,19.4361,-99.0721,42.2162,-83.3554
MEX,JFK,14:05,21:30,B757,DL0624,DAILY,1-Oct-23,31-Oct-23,19.4361,-99.0721,40.6413,-73.7781,19.4361,-99.0721,40.6413,-73.7781
MEX,LAX,15:30,18:51,B757,DL0630,DAILY,1-Oct-23,31-Oct-23,19.4361,-99.0721,33.9416,-118.4085,19.4361,-99.0721,33.9416,-118.4085
MEX,MSP,13:55,19:22,A319,DL0605,DAILY,1-Oct-23,31-Oct-23,19.4361,-99.0721,44.8848,-93.2223,19.4361,-99.0721,44.8848,-93.2223
MEX,SLC,14:50,19:08,A319,DL0642,DAILY,1-Oct-23,31-Oct-23,19.4361,-99.0721,40.7899,-111.9791,19.4361,-99.0721,40.7899,-111.9791
MIA,HAV,9:01,10:20,B737,DL1787,DAILY,1-Oct-23,31-Oct-23,25.7959,-80.287,22.9892,-82.4091,25.7959,-80.287,22.9892,-82.4091
MIA,HAV,13:57,15:20,B737,DL1789,DAILY,1-Oct-23,31-Oct-23,25.7959,-80.287,22.9892,-82.4091,25.7959,-80.287,22.9892,-82.4091
MSP,CUN,9:00,13:15,B737,DL1881,1..4567,1-Oct-23,30-Oct-23,44.8848,-93.2223,21.0365,-86.8771,44.8848,-93.2223,21.0365,-86.8771
MSP,MEX,9:12,12:40,A319,DL0611,DAILY,1-Oct-23,31-Oct-23,44.8848,-93.2223,19.4361,-99.0721,44.8848,-93.2223,19.4361,-99.0721
MTY,ATL,12:23,17:36,B737,DL1866,DAILY,1-Oct-23,31-Oct-23,25.7766,-100.107,33.6407,-84.4277,25.7766,-100.107,33.6407,-84.4277
NAS,ATL,14:40,16:48,B737,DL1938,DAILY,1-Oct-23,8-Oct-23,25.038,-77.4662,33.6407,-84.4277,25.038,-77.4662,33.6407,-84.4277
NAS,ATL,13:21,15:29,B737,DL1944,DAILY,1-Oct-23,8-Oct-23,25.038,-77.4662,33.6407,-84.4277,25.038,-77.4662,33.6407,-84.4277
NAS,ATL,13:21,15:36,B737,DL1965,DAILY,9-Oct-23,31-Oct-23,25.038,-77.4662,33.6407,-84.4277,25.038,-77.4662,33.6407,-84.4277
NAS,ATL,14:38,16:52,B737,DL1976,DAILY,9-Oct-23,31-Oct-23,25.038,-77.4662,33.6407,-84.4277,25.038,-77.4662,33.6407,-84.4277
NAS,ATL,17:24,19:39,B737,DL1956,.....6.,14-Oct-23,28-Oct-23,25.038,-77.4662,33.6407,-84.4277,25.038,-77.4662,33.6407,-84.4277
NAS,JFK,13:49,16:55,B737,DL1907,12.4567,1-Oct-23,8-Oct-23,25.038,-77.4662,40.6413,-73.7781,25.038,-77.4662,40.6413,-73.7781
NAS,JFK,13:55,17:00,B737,DL1918,12.4567,9-Oct-23,31-Oct-23,25.038,-77.4662,40.6413,-73.7781,25.038,-77.4662,40.6413,-73.7781
PLS,ATL,14:35,17:34,B737,DL1872,DAILY,1-Oct-23,31-Oct-23,21.7736,-72.2659,33.6407,-84.4277,21.7736,-72.2659,33.6407,-84.4277
PTY,ATL,14:14,19:40,B737,DL1758,DAILY,1-Oct-23,31-Oct-23,9.0714,-79.3835,33.6407,-84.4277,9.0714,-79.3835,33.6407,-84.4277
PTY,ATL,8:10,13:31,B737,DL1904,.....67,1-Oct-23,29-Oct-23,9.0714,-79.3835,33.6407,-84.4277,9.0714,-79.3835,33.6407,-84.4277
PUJ,ATL,16:41,20:35,B737,DL1836,DAILY,1-Oct-23,31-Oct-23,18.5674,-68.3634,33.6407,-84.4277,18.5674,-68.3634,33.6407,-84.4277
PUJ,ATL,14:48,18:40,B757,DL1919,DAILY,1-Oct-23,31-Oct-23,18.5674,-68.3634,33.6407,-84.4277,18.5674,-68.3634,33.6407,-84.4277
PUJ,ATL,13:13,17:05,A321,DL1827,.....6.,14-Oct-23,28-Oct-23,18.5674,-68.3634,33.6407,-84.4277,18.5674,-68.3634,33.6407,-84.4277
PUJ,JFK,13:57,18:30,B737,DL1833,1.34567,1-Oct-23,30-Oct-23,18.5674,-68.3634,40.6413,-73.7781,18.5674,-68.3634,40.6413,-73.7781
PVR,ATL,13:10,19:11,B737,DL1816,1..4567,1-Oct-23,30-Oct-23,20.6801,-105.2542,33.6407,-84.4277,20.6801,-105.2542,33.6407,-84.4277
PVR,LAX,15:10,17:35,B737,DL1856,1..4567,1-Oct-23,30-Oct-23,20.6801,-105.2542,33.9416,-118.4085,20.6801,-105.2542,33.9416,-118.4085
PVR,SEA,14:15,18:22,B737,DL1922,.....6.,7-Oct-23,28-Oct-23,20.6801,-105.2542,47.4502,-122.3088,20.6801,-105.2542,47.4502,-122.3088
PVR,SLC,16:10,19:45,B737,DL1838,1..4567,7-Oct-23,30-Oct-23,20.6801,-105.2542,40.7899,-111.9791,20.6801,-105.2542,40.7899,-111.9791
RTB,ATL,13:44,18:51,B737,DL1807,.....6.,7-Oct-23,28-Oct-23,16.3168,-86.5229,33.6407,-84.4277,16.3168,-86.5229,33.6407,-84.4277
SAL,ATL,13:35,19:10,B737,DL1978,DAILY,1-Oct-23,31-Oct-23,13.4409,-89.0557,33.6407,-84.4277,13.4409,-89.0557,33.6407,-84.4277
SAL,LAX,7:30,12:07,B757,DL1966,1..4.6.,2-Oct-23,30-Oct-23,13.4409,-89.0557,33.9416,-118.4085,13.4409,-89.0557,33.9416,-118.4085
SAP,ATL,12:35,18:01,A319,DL1842,DAILY,1-Oct-23,31-Oct-23,15.4526,-87.9236,33.6407,-84.4277,15.4526,-87.9236,33.6407,-84.4277
SDQ,ATL,14:33,18:13,B737,DL1803,DAILY,1-Oct-23,31-Oct-23,18.4297,-69.6689,33.6407,-84.4277,18.4297,-69.6689,33.6407,-84.4277
SDQ,JFK,14:01,18:45,B737,DL1829,DAILY,1-Oct-23,31-Oct-23,18.4297,-69.6689,40.6413,-73.7781,18.4297,-69.6689,40.6413,-73.7781
SDQ,JFK,18:44,23:24,B737,DL1863,DAILY,1-Oct-23,31-Oct-23,18.4297,-69.6689,40.6413,-73.7781,18.4297,-69.6689,40.6413,-73.7781
SDQ,JFK,6:00,12:00,B737,DL1942,DAILY,1-Oct-23,31-Oct-23,18.4297,-69.6689,40.6413,-73.7781,18.4297,-69.6689,40.6413,-73.7781
SEA,CUN,7:30,15:20,B737,DL0594,1..4567,1-Oct-23,30-Oct-23,47.4502,-122.3088,21.0365,-86.8771,47.4502,-122.3088,21.0365,-86.8771
SEA,PVR,7:15,13:07,B737,DL1921,.....6.,7-Oct-23,28-Oct-23,47.4502,-122.3088,20.6801,-105.2542,47.4502,-122.3088,20.6801,-105.2542
SEA,SJD,7:45,12:05,B737,DL1914,.....6.,7-Oct-23,28-Oct-23,47.4502,-122.3088,23.1518,-109.721,47.4502,-122.3088,23.1518,-109.721
SJD,ATL,12:00,19:00,B737,DL1848,DAILY,1-Oct-23,31-Oct-23,23.1518,-109.721,33.6407,-84.4277,23.1518,-109.721,33.6407,-84.4277
SJD,ATL,13:27,20:10,B737,DL1892,.....6.,14-Oct-23,28-Oct-23,23.1518,-109.721,33.6407,-84.4277,23.1518,-109.721,33.6407,-84.4277
SJD,LAX,12:30,15:14,B737,DL1876,DAILY,1-Oct-23,31-Oct-23,23.1518,-109.721,33.9416,-118.4085,23.1518,-109.721,33.9416,-118.4085
SJD,SEA,13:09,17:44,B737,DL1999,.....6.,7-Oct-23,28-Oct-23,23.1518,-109.721,47.4502,-122.3088,23.1518,-109.721,47.4502,-122.3088
SJD,SLC,14:35,18:35,B737,DL1871,1..4567,1-Oct-23,30-Oct-23,23.1518,-109.721,40.7899,-111.9791,23.1518,-109.721,40.7899,-111.9791
SJO,ATL,13:10,19:20,B757,DL1823,DAILY,1-Oct-23,31-Oct-23,9.9939,-84.2088,33.6407,-84.4277,9.9939,-84.2088,33.6407,-84.4277
SJO,LAX,8:00,13:17,B757,DL1972,..3...7,1-Oct-23,29-Oct-23,9.9939,-84.2088,33.9416,-118.4085,9.9939,-84.2088,33.9416,-118.4085
SJU,ATL,14:45,18:45,B757,DL0634,DAILY,1-Oct-23,31-Oct-23,18.4394,-66.0018,33.6407,-84.4277,18.4394,-66.0018,33.6407,-84.4277
SJU,ATL,17:04,21:03,B757,DL1431,DAILY,1-Oct-23,31-Oct-23,18.4394,-66.0018,33.6407,-84.4277,18.4394,-66.0018,33.6407,-84.4277
SJU,ATL,7:10,11:05,B757,DL1763,DAILY,1-Oct-23,31-Oct-23,18.4394,-66.0018,33.6407,-84.4277,18.4394,-66.0018,33.6407,-84.4277
SJU,BOS,13:05,17:35,A3NE,DL1780,DAILY,1-Oct-23,31-Oct-23,18.4394,-66.0018,42.3656,-71.0096,18.4394,-66.0018,42.3656,-71.0096
SJU,DTW,14:36,20:08,B737,DL1762,DAILY,1-Oct-23,31-Oct-23,18.4394,-66.0018,42.2162,-83.3554,18.4394,-66.0018,42.2162,-83.3554
SJU,JFK,7:00,12:02,B737,DL1854,DAILY,1-Oct-23,31-Oct-23,18.4394,-66.0018,40.6413,-73.7781,18.4394,-66.0018,40.6413,-73.7781
SJU,JFK,13:07,17:19,A3NE,DL1877,DAILY,1-Oct-23,31-Oct-23,18.4394,-66.0018,40.6413,-73.7781,18.4394,-66.0018,40.6413,-73.7781
SJU,JFK,17:20,22:24,B737,DL1961,DAILY,1-Oct-23,31-Oct-23,18.4394,-66.0018,40.6413,-73.7781,18.4394,-66.0018,40.6413,-73.7781
SLC,CUN,9:30,15:00,B737,DL0649,1.34567,1-Oct-23,30-Oct-23,40.7899,-111.9791,21.0365,-86.8771,40.7899,-111.9791,21.0365,-86.8771
SLC,MEX,9:25,13:35,A319,DL0628,DAILY,1-Oct-23,31-Oct-23,40.7899,-111.9791,19.4361,-99.0721,40.7899,-111.9791,19.4361,-99.0721
SLC,PVR,11:30,15:00,B737,DL0005,DAILY,7-Oct-23,7-Oct-23,40.7899,-111.9791,20.6801,-105.2542,40.7899,-111.9791,20.6801,-105.2542
SLC,PVR,11:35,15:00,B737,DL1948,1..4567,14-Oct-23,30-Oct-23,40.7899,-111.9791,20.6801,-105.2542,40.7899,-111.9791,20.6801,-105.2542
SLC,SJD,11:30,13:35,B737,DL1885,1..4567,1-Oct-23,30-Oct-23,40.7899,-111.9791,23.1518,-109.721,40.7899,-111.9791,23.1518,-109.721
STI,JFK,13:36,18:25,B737,DL1822,DAILY,1-Oct-23,31-Oct-23,19.4061,-70.6047,40.6413,-73.7781,19.4061,-70.6047,40.6413,-73.7781
STI,JFK,19:55,23:59,B737,DL1969,DAILY,1-Oct-23,31-Oct-23,19.4061,-70.6047,40.6413,-73.7781,19.4061,-70.6047,40.6413,-73.7781
STI,JFK,6:10,10:00,B737,DL1993,DAILY,1-Oct-23,31-Oct-23,19.4061,-70.6047,40.6413,-73.7781,19.4061,-70.6047,40.6413,-73.7781
STT,ATL,14:36,18:39,B757,DL1950,DAILY,1-Oct-23,31-Oct-23,18.3373,-64.9734,33.6407,-84.4277,18.3373,-64.9734,33.6407,-84.4277
STT,ATL,15:58,19:59,B757,DL1952,.....6.,7-Oct-23,28-Oct-23,18.3373,-64.9734,33.6407,-84.4277,18.3373,-64.9734,33.6407,-84.4277
SXM,ATL,15:17,19:35,B757,DL1873,...4567,1-Oct-23,29-Oct-23,18.0409,-63.1089,33.6407,-84.4277,18.0409,-63.1089,33.6407,-84.4277
UIO,ATL,23:30,6:15,B757,DL0632,DAILY,1-Oct-23,31-Oct-23,-0.1292,-78.3575,33.6407,-84.4277,-0.1292,-78.3575,33.6407,-84.4277
UVF,ATL,15:28,20:29,B737,DL1785,12.4567,1-Oct-23,31-Oct-23,13.7332,-60.9526,33.6407,-84.4277,13.7332,-60.9526,33.6407,-84.4277